group_number,frame_count,start,duration,activity
0,30,0.05,1.5,0.5757462599030336
1,153,1.55,7.65,0.09145739156324151
2,113,9.2,5.65,0.5364340801574742
3,38,14.850000000000001,1.9000000000000001,0.0016446136206358375
4,43,16.75,2.15,0.013966656053884141
5,41,18.9,2.05,0.5620139692700202
6,70,20.95,3.5,0.6622541470785672
